{
  "accuracy": 0.7961099932930918,
  "precision": 0.8577302631578947,
  "recall": 0.8884156729131175,
  "f1_score": 0.8728033472803347,
  "auc": 0.6713371739959909
}