{
  "accuracy": 0.8390342052313883,
  "precision": 0.6742081447963801,
  "recall": 0.47003154574132494,
  "f1_score": 0.5539033457249071,
  "auc": 0.7043513776406793
}