{
  "accuracy": 0.8390342052313883,
  "precision": 0.8677165354330708,
  "recall": 0.938671209540034,
  "f1_score": 0.9018003273322422,
  "auc": 0.7043513776406795
}