{
  "accuracy": 0.7417840375586855,
  "precision": 0.4423728813559322,
  "recall": 0.8233438485804416,
  "f1_score": 0.5755237045203969,
  "auc": 0.7715526738643265
}