{
  "accuracy": 0.8417169684775319,
  "precision": 0.8698738170347003,
  "recall": 0.9395229982964225,
  "f1_score": 0.9033579033579033,
  "auc": 0.7095091332176119
}