{
  "accuracy": 0.7478202548625084,
  "precision": 0.451559934318555,
  "recall": 0.8675078864353313,
  "f1_score": 0.593952483801296,
  "auc": 0.7915052209008002
}