{
  "accuracy": 0.7826961770623743,
  "precision": 0.4890282131661442,
  "recall": 0.4921135646687697,
  "f1_score": 0.49056603773584906,
  "auc": 0.6766359986887291
}